Severity	Alarm Raised	Asset ID	Asset Name	Alarm Description	Acknowledged	By	Cleared	Comments	Location
CAME UNACK High	2024.07.09 10:06:11.592	PKV-E-PSD-019	Parkville Platform 2 Zone 2 PSD 19	PSD Unscheduled Door Opening!				0	PKV
CAME UNACK High	2024.07.09 09:51:41.602	PKV-E-PSD-018	Parkville Platform 2 Zone 2 PSD 18	PSD Unscheduled Door Opening!				0	PKV
CAME UNACK High	2024.07.09 09:44:21.596	PKV-E-PSD-017	Parkville Platform 2 Zone 2 PSD 17	PSD Unscheduled Door Opening!				0	PKV
CAME UNACK High	2024.07.09 09:36:23.594	PKV-E-PSD-016	Parkville Platform 2 Zone 2 PSD 16	PSD Unscheduled Door Opening!				0	PKV
CAME UNACK High	2024.07.09 09:30:01.592	PKV-E-PSD-015	Parkville Platform 2 Zone 2 PSD 15	PSD Unscheduled Door Opening!				0	PKV
CAME UNACK High	2024.07.09 09:16:35.592	PKV-E-PSD-014	Parkville Platform 2 Zone 2 PSD 14	PSD Unscheduled Door Opening!				0	PKV
CAME UNACK High	2024.07.09 09:03:21.597	PKV-E-PSD-013	Parkville Platform 2 Zone 2 PSD 13	PSD Unscheduled Door Opening!				0	PKV
CAME UNACK High	2024.07.09 08:54:19.596	PKV-E-PSD-012	Parkville Platform 2 Zone 2 PSD 12	PSD Unscheduled Door Opening!				0	PKV
CAME UNACK High	2024.07.09 08:49:35.593	PKV-W-PSD-010	Parkville Platform 1 Zone 2 PSD 10	PSD Unscheduled Door Opening!				0	PKV
CAME UNACK High	2024.07.09 08:49:35.593	PKV-W-PSD-011	Parkville Platform 1 Zone 2 PSD 11	PSD Unscheduled Door Opening!				0	PKV
CAME UNACK High	2024.07.09 08:49:35.593	PKV-W-PSD-012	Parkville Platform 1 Zone 2 PSD 12	PSD Unscheduled Door Opening!				0	PKV
CAME UNACK High	2024.07.09 08:49:35.593	PKV-W-PSD-013	Parkville Platform 1 Zone 2 PSD 13	PSD Unscheduled Door Opening!				0	PKV
CAME UNACK High	2024.07.09 08:42:23.590	PKV-E-PSD-011	Parkville Platform 2 Zone 2 PSD 11	PSD Unscheduled Door Opening!				0	PKV
CAME UNACK High	2024.07.09 08:24:07.597	PKV-E-PSD-010	Parkville Platform 2 Zone 2 PSD 10	PSD Unscheduled Door Opening!				0	PKV
CAME UNACK High	2024.07.09 08:12:35.610	PKV-E-EED-020	Parkville Platform 2 Zone 2 EED 20	EED Unscheduled Door Opening!				0	PKV
CAME UNACK High	2024.07.09 08:12:13.611	PKV-E-DDX-001	Parkville Platform 2 Zone 2 DD 01	Driver Door Unscheduled Door Opening!				0	PKV
CAME UNACK High	2024.07.09 03:25:21.012	DMA_TEP_0303_04_DS	Tunnel Drainage Pump - Duty Selection	Risk of track flooding!				0	AZC
CAME UNACK High	2024.07.08 12:00:33.478	DMA_OFN_0101_02_DS	Over Track Exhaust Fan 01 - West End - Duty Selection	All fans inoperative!				0	AZC
CAME UNACK High	2024.07.08 11:45:54.468	DMA_SSX_0001	TVCS Shaft Smoke Detection System 01	Shaft smoke detection unavailable!				0	SDU
CAME UNACK High	2024.07.08 11:45:54.468	DMA_SSX_0002	TVCS Shaft Smoke Detection System 02	Shaft smoke detection unavailable!				0	SDU
CAME UNACK High	2024.07.07 00:25:53.384	AEN_TFN_0201_03_DS	Tunnel Ventilation Fan - East End - Duty Selection	Tunnel Section 03 Arden End - Ventilation Unavailable!				0	SDU
CAME UNACK High	2024.07.07 00:25:31.383	AEN_OFN_0201_02_DS	Over Track Exhaust Fan - East End - Duty Selection	Arden - East End Over Track Ventilation Unavailable!				0	SDU
CAME UNACK High	2024.07.07 00:25:24.400	AEN_OFN_0101_02_DS	Over Track Exhaust Fan - West End - Duty Selection	Arden - West End Over Track Ventilation Unavailable!				0	SDU
CAME UNACK High	2024.07.07 00:25:14.386	AEN_TFN_0101_03_DS	Tunnel Ventilation Fan - West End - Duty Selection	Tunnel Section 01 - Ventilation Unavailable!				0	SDU
CAME UNACK High	2024.07.05 12:48:43.212	PKV_ROL_RNERV_W	West Tunnel RNERV Roller Door	RNERV crane arm extended over tracks!				0	SDU
CAME UNACK High	2024.07.05 12:35:44.398	PKV-E-PSD-009	Parkville Platform 2 Zone 1 PSD 09	PSD Unscheduled Door Opening!				0	PKV
CAME UNACK High	2024.07.05 12:23:30.393	PKV-E-PSD-008	Parkville Platform 2 Zone 1 PSD 08	PSD Unscheduled Door Opening!				0	PKV
CAME UNACK High	2024.07.05 12:19:20.407	PKV-E-EED-019	Parkville Platform 2 Zone 1 EED 19	EED Unscheduled Door Opening!				0	PKV
CAME UNACK High	2024.07.05 12:18:08.410	PKV-E-EED-018	Parkville Platform 2 Zone 1 EED 18	EED Unscheduled Door Opening!				0	PKV
CAME UNACK High	2024.07.05 12:17:20.406	PKV-E-EED-017	Parkville Platform 2 Zone 1 EED 17	EED Unscheduled Door Opening!				0	PKV
CAME UNACK High	2024.07.05 12:16:14.415	PKV-E-EED-016	Parkville Platform 2 Zone 1 EED 16	EED Unscheduled Door Opening!				0	PKV
CAME UNACK High	2024.07.05 12:04:32.390	PKV-E-PSD-007	Parkville Platform 2 Zone 1 PSD 07	PSD Unscheduled Door Opening!				0	PKV
CAME UNACK High	2024.07.05 11:56:46.415	PKV-E-EED-015	Parkville Platform 2 Zone 1 EED 15	EED Unscheduled Door Opening!				0	PKV
CAME UNACK High	2024.07.05 11:56:16.415	PKV-E-EED-014	Parkville Platform 2 Zone 1 EED 14	EED Unscheduled Door Opening!				0	PKV
CAME UNACK High	2024.07.05 11:54:54.413	PKV-E-EED-013	Parkville Platform 2 Zone 1 EED 13	EED Unscheduled Door Opening!				0	PKV
CAME UNACK High	2024.07.05 11:43:44.415	PKV-E-PSD-006	Parkville Platform 2 Zone 1 PSD 06	PSD Unscheduled Door Opening!				0	PKV
CAME UNACK High	2024.07.05 11:38:46.392	PKV-W-PSD-027	Parkville Platform 1 Zone 3 PSD 27	PSD Unscheduled Door Opening!				0	PKV
CAME UNACK High	2024.07.05 11:27:24.389	PKV-E-PSD-002	Parkville Platform 2 Zone 1 PSD 02	PSD Unscheduled Door Opening!				0	PKV
CAME UNACK High	2024.07.05 11:21:16.396	PKV-W-PSD-009	Parkville Platform 1 Zone 1 PSD 09	PSD Unscheduled Door Opening!				0	PKV
CAME UNACK High	2024.07.05 11:10:04.394	PKV-E-PSD-003	Parkville Platform 2 Zone 1 PSD 03	PSD Unscheduled Door Opening!				0	PKV
CAME UNACK High	2024.07.05 11:10:02.395	PKV-W-PSD-008	Parkville Platform 1 Zone 1 PSD 08	PSD Unscheduled Door Opening!				0	PKV
CAME UNACK High	2024.07.05 10:54:18.391	PKV-W-PSD-007	Parkville Platform 1 Zone 1 PSD 07	PSD Unscheduled Door Opening!				0	PKV
CAME UNACK High	2024.07.05 10:54:10.409	PKV-E-EED-006	Parkville Platform 2 Zone 1 EED 06	EED Unscheduled Door Opening!				0	PKV
CAME UNACK High	2024.07.05 10:52:12.410	PKV-E-EED-007	Parkville Platform 2 Zone 1 EED 07	EED Unscheduled Door Opening!				0	PKV
CAME UNACK High	2024.07.05 10:50:06.407	PKV-E-EED-008	Parkville Platform 2 Zone 1 EED 08	EED Unscheduled Door Opening!				0	PKV
CAME UNACK High	2024.07.05 09:39:14.400	TSC-E-PSD-026	Town Hall Platform 2 Zone 3 PSD 26	PSD Unscheduled Door Opening!				0	THL
CAME UNACK High	2024.07.05 09:37:26.393	TSC-E-PSD-025	Town Hall Platform 2 Zone 3 PSD 25	PSD Unscheduled Door Opening!				0	THL
CAME UNACK High	2024.07.05 09:35:42.390	TSC-E-PSD-024	Town Hall Platform 2 Zone 3 PSD 24	PSD Unscheduled Door Opening!				0	THL
CAME UNACK High	2024.07.05 09:33:44.392	TSC-E-PSD-023	Town Hall Platform 2 Zone 3 PSD 23	PSD Unscheduled Door Opening!				0	THL
CAME UNACK High	2024.07.05 09:31:58.397	TSC-E-PSD-022	Town Hall Platform 2 Zone 3 PSD 22	PSD Unscheduled Door Opening!				0	THL
CAME UNACK High	2024.07.05 09:31:16.389	PKV-W-PSD-006	Parkville Platform 1 Zone 1 PSD 06	PSD Unscheduled Door Opening!				0	PKV
CAME UNACK High	2024.07.05 09:29:36.397	TSC-E-PSD-021	Town Hall Platform 2 Zone 2 PSD 21	PSD Unscheduled Door Opening!				0	THL
CAME UNACK High	2024.07.05 09:27:08.396	PKV-E-PSD-004	Parkville Platform 2 Zone 1 PSD 04	PSD Unscheduled Door Opening!				0	PKV
CAME UNACK High	2024.07.05 09:26:24.392	TSC-E-PSD-008	Town Hall Platform 2 Zone 1 PSD 08	PSD Unscheduled Door Opening!				0	THL
CAME UNACK High	2024.07.05 09:22:00.395	TSC-E-PSD-006	Town Hall Platform 2 Zone 1 PSD 06	PSD Unscheduled Door Opening!				0	THL
CAME UNACK High	2024.07.05 09:19:52.414	PKV-E-EED-009	Parkville Platform 2 Zone 1 EED 09	EED Unscheduled Door Opening!				0	PKV
CAME UNACK High	2024.07.05 09:19:26.397	TSC-E-PSD-005	Town Hall Platform 2 Zone 1 PSD 05	PSD Unscheduled Door Opening!				0	THL
CAME UNACK High	2024.07.05 09:18:38.412	PKV-E-EED-010	Parkville Platform 2 Zone 1 EED 10	EED Unscheduled Door Opening!				0	PKV
CAME UNACK High	2024.07.05 09:16:36.414	PKV-E-EED-011	Parkville Platform 2 Zone 1 EED 11	EED Unscheduled Door Opening!				0	PKV
CAME UNACK High	2024.07.05 09:15:18.415	PKV-E-EED-012	Parkville Platform 2 Zone 1 EED 12	EED Unscheduled Door Opening!				0	PKV
CAME UNACK High	2024.07.05 09:15:16.392	TSC-E-PSD-004	Town Hall Platform 2 Zone 1 PSD 04	PSD Unscheduled Door Opening!				0	THL
CAME UNACK High	2024.07.05 09:13:48.411	PKV-W-EED-034	Parkville Platform 1 Zone 3 EED 34	EED Unscheduled Door Opening!				0	PKV
CAME UNACK High	2024.07.05 09:12:24.411	PKV-W-EED-033	Parkville Platform 1 Zone 3 EED 33	EED Unscheduled Door Opening!				0	PKV
CAME UNACK High	2024.07.05 09:11:42.397	TSC-W-PSD-030	Town Hall Platform 1 Zone 3 PSD 30	PSD Unscheduled Door Opening!				0	THL
CAME UNACK High	2024.07.05 09:09:00.394	TSC-W-PSD-029	Town Hall Platform 1 Zone 3 PSD 29	PSD Unscheduled Door Opening!				0	THL
CAME UNACK High	2024.07.05 09:08:16.413	PKV-W-EED-032	Parkville Platform 1 Zone 3 EED 32	EED Unscheduled Door Opening!				0	PKV
CAME UNACK High	2024.07.05 09:06:44.394	TSC-W-PSD-028	Town Hall Platform 1 Zone 3 PSD 28	PSD Unscheduled Door Opening!				0	THL
CAME UNACK High	2024.07.05 09:05:30.391	PKV-E-PSD-005	Parkville Platform 2 Zone 1 PSD 05	PSD Unscheduled Door Opening!				0	PKV
CAME UNACK High	2024.07.05 09:04:32.412	PKV-W-EED-031	Parkville Platform 1 Zone 3 EED 31	EED Unscheduled Door Opening!				0	PKV
CAME UNACK High	2024.07.05 09:04:20.397	TSC-W-PSD-027	Town Hall Platform 1 Zone 3 PSD 27	PSD Unscheduled Door Opening!				0	THL
CAME UNACK High	2024.07.05 09:02:20.410	PKV-W-EED-030	Parkville Platform 1 Zone 3 EED 30	EED Unscheduled Door Opening!				0	PKV
CAME UNACK High	2024.07.05 09:00:14.392	TSC-W-PSD-026	Town Hall Platform 1 Zone 3 PSD 26	PSD Unscheduled Door Opening!				0	THL
CAME UNACK High	2024.07.05 08:58:04.392	TSC-W-PSD-025	Town Hall Platform 1 Zone 3 PSD 25	PSD Unscheduled Door Opening!				0	THL
CAME UNACK High	2024.07.05 08:55:18.392	TSC-W-PSD-024	Town Hall Platform 1 Zone 3 PSD 24	PSD Unscheduled Door Opening!				0	THL
CAME UNACK High	2024.07.05 08:41:06.393	TSC-W-PSD-022	Town Hall Platform 1 Zone 3 PSD 22	PSD Unscheduled Door Opening!				0	THL
CAME UNACK High	2024.07.05 08:38:42.393	TSC-W-PSD-021	Town Hall Platform 1 Zone 2 PSD 21	PSD Unscheduled Door Opening!				0	THL
CAME UNACK High	2024.07.05 08:22:04.389	PKV-W-PSD-003	Parkville Platform 1 Zone 1 PSD 03	PSD Unscheduled Door Opening!				0	PKV
CAME UNACK High	2024.07.05 08:21:42.394	PKV-E-PSD-001	Parkville Platform 2 Zone 1 PSD 01	PSD Unscheduled Door Opening!				0	PKV
CAME UNACK High	2024.07.05 08:15:30.411	PKV-E-EED-005	Parkville Platform 2 Zone 1 EED 05	EED Unscheduled Door Opening!				0	PKV
CAME UNACK High	2024.07.05 08:14:00.411	PKV-E-EED-004	Parkville Platform 2 Zone 1 EED 04	EED Unscheduled Door Opening!				0	PKV
CAME UNACK High	2024.07.05 08:12:26.409	PKV-E-EED-003	Parkville Platform 2 Zone 1 EED 03	EED Unscheduled Door Opening!				0	PKV
CAME UNACK High	2024.07.05 08:11:04.416	PKV-E-EED-002	Parkville Platform 2 Zone 1 EED 02	EED Unscheduled Door Opening!				0	PKV
CAME UNACK High	2024.07.05 08:02:52.407	PKV-E-EED-001	Parkville Platform 2 Zone 1 EED 01	EED Unscheduled Door Opening!				0	PKV
CAME UNACK High	2024.07.04 14:18:28.394	PKV-W-EED-019	Parkville Platform 1 Zone 1 EED 19	EED Unscheduled Door Opening!				0	PKV
CAME UNACK High	2024.07.04 14:16:48.394	PKV-W-EED-018	Parkville Platform 1 Zone 1 EED 18	EED Unscheduled Door Opening!				0	PKV
CAME UNACK High	2024.07.04 14:15:18.394	PKV-W-EED-017	Parkville Platform 1 Zone 1 EED 17	EED Unscheduled Door Opening!				0	PKV
CAME UNACK High	2024.07.04 14:12:26.399	PKV-W-EED-016	Parkville Platform 1 Zone 1 EED 16	EED Unscheduled Door Opening!				0	PKV
CAME UNACK High	2024.07.04 14:09:38.402	PKV-W-EED-015	Parkville Platform 1 Zone 1 EED 15	EED Unscheduled Door Opening!				0	PKV
CAME UNACK High	2024.07.04 14:07:54.402	PKV-W-EED-014	Parkville Platform 1 Zone 1 EED 14	EED Unscheduled Door Opening!				0	PKV
CAME UNACK High	2024.07.04 14:06:46.399	PKV-W-EED-013	Parkville Platform 1 Zone 1 EED 13	EED Unscheduled Door Opening!				0	PKV
CAME UNACK High	2024.07.04 14:04:00.400	PKV-W-EED-012	Parkville Platform 1 Zone 1 EED 12	EED Unscheduled Door Opening!				0	PKV
CAME UNACK High	2024.07.04 14:02:50.397	PKV-W-EED-011	Parkville Platform 1 Zone 1 EED 11	EED Unscheduled Door Opening!				0	PKV
CAME UNACK High	2024.07.04 13:37:00.397	PKV-E-EED-032	Parkville Platform 2 Zone 3 EED 32	EED Unscheduled Door Opening!				0	PKV
CAME UNACK High	2024.07.04 13:36:02.397	PKV-E-EED-033	Parkville Platform 2 Zone 3 EED 33	EED Unscheduled Door Opening!				0	PKV
CAME UNACK High	2024.07.04 13:35:22.396	PKV-E-EED-034	Parkville Platform 2 Zone 3 EED 34	EED Unscheduled Door Opening!				0	PKV
CAME UNACK High	2024.07.04 13:34:56.402	PKV-E-EED-035	Parkville Platform 2 Zone 3 EED 35	EED Unscheduled Door Opening!				0	PKV
CAME UNACK High	2024.07.04 13:22:18.386	PKV-W-PSD-030	Parkville Platform 1 Zone 3 PSD 30	PSD Unscheduled Door Opening!				0	PKV
CAME UNACK High	2024.07.04 13:15:44.402	PKV-W-EED-040	Parkville Platform 1 Zone 3 EED 40	EED Unscheduled Door Opening!				0	PKV
CAME UNACK High	2024.07.04 13:14:48.401	PKV-W-EED-039	Parkville Platform 1 Zone 3 EED 39	EED Unscheduled Door Opening!				0	PKV
CAME UNACK High	2024.07.04 13:13:46.394	PKV-W-EED-038	Parkville Platform 1 Zone 3 EED 38	EED Unscheduled Door Opening!				0	PKV
CAME UNACK High	2024.07.04 13:12:38.400	PKV-W-EED-036	Parkville Platform 1 Zone 3 EED 36	EED Unscheduled Door Opening!				0	PKV
CAME UNACK High	2024.07.04 13:08:00.399	PKV-W-EED-037	Parkville Platform 1 Zone 3 EED 37	EED Unscheduled Door Opening!				0	PKV
CAME UNACK High	2024.07.04 13:05:12.383	PKV-E-PSD-022	Parkville Platform 2 Zone 3 PSD 22	PSD Unscheduled Door Opening!				0	PKV
CAME UNACK High	2024.07.04 12:51:38.379	PKV-W-PSD-029	Parkville Platform 1 Zone 3 PSD 29	PSD Unscheduled Door Opening!				0	PKV
CAME UNACK High	2024.07.04 12:50:54.380	PKV-E-PSD-023	Parkville Platform 2 Zone 3 PSD 23	PSD Unscheduled Door Opening!				0	PKV
CAME UNACK High	2024.07.04 12:40:46.400	PKV-W-EED-029	Parkville Platform 1 Zone 3 EED 29	EED Unscheduled Door Opening!				0	PKV
CAME UNACK High	2024.07.04 12:38:32.402	PKV-W-EED-035	Parkville Platform 1 Zone 3 EED 35	EED Unscheduled Door Opening!				0	PKV
CAME UNACK High	2024.07.04 12:36:48.403	PKV-E-EED-022	Parkville Platform 2 Zone 3 EED 22	EED Unscheduled Door Opening!				0	PKV
CAME UNACK High	2024.07.04 12:22:14.401	PKV-E-EED-024	Parkville Platform 2 Zone 3 EED 24	EED Unscheduled Door Opening!				0	PKV
CAME UNACK High	2024.07.04 12:21:36.405	PKV-E-EED-025	Parkville Platform 2 Zone 3 EED 25	EED Unscheduled Door Opening!				0	PKV
CAME UNACK High	2024.07.04 12:16:08.385	PKV-E-PSD-024	Parkville Platform 2 Zone 3 PSD 24	PSD Unscheduled Door Opening!				0	PKV
CAME UNACK High	2024.07.04 12:12:54.381	PKV-W-PSD-028	Parkville Platform 1 Zone 3 PSD 28	PSD Unscheduled Door Opening!				0	PKV
CAME UNACK High	2024.07.04 12:04:58.398	PKV-E-EED-026	Parkville Platform 2 Zone 3 EED 26	EED Unscheduled Door Opening!				0	PKV
CAME UNACK High	2024.07.04 11:59:00.395	PKV-E-EED-027	Parkville Platform 2 Zone 3 EED 27	EED Unscheduled Door Opening!				0	PKV
CAME UNACK High	2024.07.04 11:58:04.397	PKV-E-EED-028	Parkville Platform 2 Zone 3 EED 28	EED Unscheduled Door Opening!				0	PKV
CAME UNACK High	2024.07.04 11:54:20.381	PKV-W-PSD-026	Parkville Platform 1 Zone 3 PSD 26	PSD Unscheduled Door Opening!				0	PKV
CAME UNACK High	2024.07.04 11:45:38.386	PKV-E-PSD-025	Parkville Platform 2 Zone 3 PSD 25	PSD Unscheduled Door Opening!				0	PKV
CAME UNACK High	2024.07.04 11:38:06.407	DMA-W-EED-014	Anzac Platform 1 Zone 1 EED 14	EED Unscheduled Door Opening!				0	AZC
CAME UNACK High	2024.07.04 11:37:38.406	DMA-W-EED-013	Anzac Platform 1 Zone 1 EED 13	EED Unscheduled Door Opening!				0	AZC
CAME UNACK High	2024.07.04 11:34:16.378	PKV-W-PSD-025	Parkville Platform 1 Zone 3 PSD 25	PSD Unscheduled Door Opening!				0	PKV
CAME UNACK High	2024.07.04 11:30:26.403	DMA-W-EED-001	Anzac Platform 1 Zone 1 EED 01	EED Unscheduled Door Opening!				0	AZC
CAME UNACK High	2024.07.04 11:27:28.381	PKV-E-PSD-026	Parkville Platform 2 Zone 3 PSD 26	PSD Unscheduled Door Opening!				0	PKV
CAME UNACK High	2024.07.04 11:23:32.412	DMA-E-EED-039	Anzac Platform 2 Zone 3 EED 39	EED Unscheduled Door Opening!				0	AZC
CAME UNACK High	2024.07.04 11:23:30.395	PKV-W-EED-028	Parkville Platform 1 Zone 3 EED 28	EED Unscheduled Door Opening!				0	PKV
CAME UNACK High	2024.07.04 11:20:42.394	PKV-W-EED-027	Parkville Platform 1 Zone 3 EED 27	EED Unscheduled Door Opening!				0	PKV
CAME UNACK High	2024.07.04 11:18:34.407	DMA-E-EED-023	Anzac Platform 2 Zone 3 EED 23	EED Unscheduled Door Opening!				0	AZC
CAME UNACK High	2024.07.04 11:18:34.407	DMA-E-EED-022	Anzac Platform 2 Zone 3 EED 22	EED Unscheduled Door Opening!				0	AZC
CAME UNACK High	2024.07.04 11:15:12.403	PKV-W-EED-026	Parkville Platform 1 Zone 3 EED 26	EED Unscheduled Door Opening!				0	PKV
CAME UNACK High	2024.07.04 11:15:06.401	PKV-E-EED-029	Parkville Platform 2 Zone 3 EED 29	EED Unscheduled Door Opening!				0	PKV
CAME UNACK High	2024.07.04 11:14:46.402	PKV-E-EED-030	Parkville Platform 2 Zone 3 EED 30	EED Unscheduled Door Opening!				0	PKV
CAME UNACK High	2024.07.04 11:00:58.392	DMA-E-PSD-005	Anzac Platform 2 Zone 1 PSD 05	PSD Unscheduled Door Opening!				0	AZC
CAME UNACK High	2024.07.04 10:53:36.394	DMA-E-PSD-010	Anzac Platform 2 Zone 2 PSD 10	PSD Unscheduled Door Opening!				0	AZC
CAME UNACK High	2024.07.04 09:59:24.405	PKV-E-EED-031	Parkville Platform 2 Zone 3 EED 31	EED Unscheduled Door Opening!				0	PKV
CAME UNACK High	2024.07.04 09:46:26.382	PKV-W-PSD-024	Parkville Platform 1 Zone 3 PSD 24	PSD Unscheduled Door Opening!				0	PKV
CAME UNACK High	2024.07.04 09:39:04.398	PKV-W-EED-024	Parkville Platform 1 Zone 3 EED 24	EED Unscheduled Door Opening!				0	PKV
CAME UNACK High	2024.07.04 09:35:18.384	PKV-E-PSD-029	Parkville Platform 2 Zone 3 PSD 29	PSD Unscheduled Door Opening!				0	PKV
CAME UNACK High	2024.07.04 09:34:58.397	PKV-W-EED-023	Parkville Platform 1 Zone 3 EED 23	EED Unscheduled Door Opening!				0	PKV
CAME UNACK High	2024.07.04 09:31:24.397	PKV-W-EED-025	Parkville Platform 1 Zone 3 EED 25	EED Unscheduled Door Opening!				0	PKV
CAME UNACK High	2024.07.04 09:26:06.403	PKV-W-EED-022	Parkville Platform 1 Zone 3 EED 22	EED Unscheduled Door Opening!				0	PKV
CAME UNACK High	2024.07.04 09:05:36.382	PKV-W-PSD-023	Parkville Platform 1 Zone 3 PSD 23	PSD Unscheduled Door Opening!				0	PKV
CAME UNACK High	2024.07.04 08:54:20.381	PKV-E-PSD-030	Parkville Platform 2 Zone 3 PSD 30	PSD Unscheduled Door Opening!				0	PKV
CAME UNACK High	2024.07.04 08:52:14.399	PKV-W-DDX-002	Parkville Platform 1 Zone 2 DD 02	Driver Door Unscheduled Door Opening!				0	PKV
CAME UNACK High	2024.07.04 08:47:40.399	PKV-E-EED-036	Parkville Platform 2 Zone 3 EED 36	EED Unscheduled Door Opening!				0	PKV
CAME UNACK High	2024.07.04 08:45:44.397	PKV-W-EED-021	Parkville Platform 1 Zone 2 EED 21	EED Unscheduled Door Opening!				0	PKV
CAME UNACK High	2024.07.04 08:45:28.398	PKV-E-EED-037	Parkville Platform 2 Zone 3 EED 37	EED Unscheduled Door Opening!				0	PKV
CAME UNACK High	2024.07.04 08:43:52.398	PKV-E-EED-038	Parkville Platform 2 Zone 3 EED 38	EED Unscheduled Door Opening!				0	PKV
CAME UNACK High	2024.07.04 08:42:02.405	PKV-E-EED-039	Parkville Platform 2 Zone 3 EED 39	EED Unscheduled Door Opening!				0	PKV
CAME UNACK High	2024.07.04 08:35:58.404	PKV-E-EED-040	Parkville Platform 2 Zone 3 EED 40	EED Unscheduled Door Opening!				0	PKV
CAME UNACK High	2024.07.04 08:19:18.382	PKV-W-PSD-022	Parkville Platform 1 Zone 3 PSD 22	PSD Unscheduled Door Opening!				0	PKV
CAME UNACK High	2024.07.04 08:01:20.378	PKV-W-PSD-004	Parkville Platform 1 Zone 1 PSD 04	PSD Unscheduled Door Opening!				0	PKV
CAME UNACK High	2024.07.03 14:28:28.379	PKV-W-PSD-021	Parkville Platform 1 Zone 2 PSD 21	PSD Unscheduled Door Opening!				0	PKV
CAME UNACK High	2024.07.03 13:48:10.378	PKV-W-PSD-020	Parkville Platform 1 Zone 2 PSD 20	PSD Unscheduled Door Opening!				0	PKV
CAME UNACK High	2024.07.03 13:43:00.379	PKV-E-PED-002	Parkville Platform 2 PED 02	Platform End Door Unscheduled Door Opening!				0	PKV
CAME UNACK High	2024.07.03 13:20:18.380	PKV-W-PSD-019	Parkville Platform 1 Zone 2 PSD 19	PSD Unscheduled Door Opening!				0	PKV
CAME UNACK High	2024.07.03 12:50:16.397	PKV-E-PED-001	Parkville Platform 2 PED 01	Platform End Door Unscheduled Door Opening!				0	PKV
CAME UNACK High	2024.07.03 12:50:16.378	PKV-W-PSD-018	Parkville Platform 1 Zone 2 PSD 18	PSD Unscheduled Door Opening!				0	PKV
CAME UNACK High	2024.07.03 12:38:08.418	PKV-E-PSD-027	Parkville Platform 2 Zone 3 PSD 27	PSD Unscheduled Door Opening!				0	PKV
CAME UNACK High	2024.07.03 12:38:08.397	PKV-E-EED-023	Parkville Platform 2 Zone 3 EED 23	EED Unscheduled Door Opening!				0	PKV
CAME UNACK High	2024.07.03 12:07:08.381	PKV-W-PSD-017	Parkville Platform 1 Zone 2 PSD 17	PSD Unscheduled Door Opening!				0	PKV
CAME UNACK High	2024.07.03 09:45:08.377	PKV-W-PSD-016	Parkville Platform 1 Zone 2 PSD 16	PSD Unscheduled Door Opening!				0	PKV
CAME UNACK High	2024.07.03 09:07:54.379	PKV-W-PSD-015	Parkville Platform 1 Zone 2 PSD 15	PSD Unscheduled Door Opening!				0	PKV
CAME UNACK High	2024.07.03 08:09:48.386	PKV-W-PSD-014	Parkville Platform 1 Zone 2 PSD 14	PSD Unscheduled Door Opening!				0	PKV
CAME UNACK High	2024.07.03 08:06:44.383	PKV-W-PED-002	Parkville Platform 1 PED 02	Platform End Door Unscheduled Door Opening!				0	PKV
CAME UNACK High	2024.07.02 14:57:46.379	PKV-W-PED-001	Parkville Platform 1 PED 01	Platform End Door Unscheduled Door Opening!				0	PKV
CAME UNACK High	2024.07.02 14:57:28.403	PKV-W-PSD-005	Parkville Platform 1 Zone 1 PSD 05	PSD Unscheduled Door Opening!				0	PKV
CAME UNACK High	2024.07.02 09:12:31.977	TNC-E-EED-021	State Library Platform 2 Zone 2 EED 21	EED Unscheduled Door Opening!				0	STL
CAME UNACK High	2024.07.01 14:16:13.974	TNC-W-EED-033	State Library Platform 1 Zone 3 EED 33	EED Unscheduled Door Opening!				0	STL
CAME UNACK High	2024.07.01 12:45:21.969	TNC-E-EED-008	State Library Platform 2 Zone 1 EED 08	EED Unscheduled Door Opening!				0	STL
CAME UNACK High	2024.07.01 12:32:43.957	TNC-E-PSD-030	State Library Platform 2 Zone 3 PSD 30	PSD Unscheduled Door Opening!				0	STL
CAME UNACK High	2024.07.01 12:28:23.954	TNC-E-PSD-028	State Library Platform 2 Zone 3 PSD 28	PSD Unscheduled Door Opening!				0	STL
CAME UNACK High	2024.07.01 12:26:17.958	TNC-E-PSD-027	State Library Platform 2 Zone 3 PSD 27	PSD Unscheduled Door Opening!				0	STL
CAME UNACK High	2024.07.01 12:23:57.951	TNC-E-PSD-026	State Library Platform 2 Zone 3 PSD 26	PSD Unscheduled Door Opening!				0	STL
CAME UNACK High	2024.07.01 12:01:35.955	TNC-E-PSD-019	State Library Platform 2 Zone 2 PSD 19	PSD Unscheduled Door Opening!				0	STL
CAME UNACK High	2024.07.01 11:58:57.953	TNC-E-PSD-018	State Library Platform 2 Zone 2 PSD 18	PSD Unscheduled Door Opening!				0	STL
CAME UNACK High	2024.07.01 11:57:37.952	TNC-W-PSD-014	State Library Platform 1 Zone 2 PSD 14	PSD Unscheduled Door Opening!				0	STL
CAME UNACK High	2024.07.01 11:56:11.950	TNC-E-PSD-017	State Library Platform 2 Zone 2 PSD 17	PSD Unscheduled Door Opening!				0	STL
CAME UNACK High	2024.07.01 11:53:29.956	TNC-E-PSD-016	State Library Platform 2 Zone 2 PSD 16	PSD Unscheduled Door Opening!				0	STL
CAME UNACK High	2024.07.01 11:51:07.957	TNC-E-PSD-015	State Library Platform 2 Zone 2 PSD 15	PSD Unscheduled Door Opening!				0	STL
CAME UNACK High	2024.07.01 11:48:03.955	TNC-E-PSD-008	State Library Platform 2 Zone 1 PSD 08	PSD Unscheduled Door Opening!				0	STL
CAME UNACK High	2024.07.01 11:46:11.948	TNC-E-PSD-007	State Library Platform 2 Zone 1 PSD 07	PSD Unscheduled Door Opening!				0	STL
CAME UNACK High	2024.07.01 11:44:03.955	TNC-E-PSD-006	State Library Platform 2 Zone 1 PSD 06	PSD Unscheduled Door Opening!				0	STL
CAME UNACK High	2024.07.01 11:43:57.950	TNC-W-PSD-013	State Library Platform 1 Zone 2 PSD 13	PSD Unscheduled Door Opening!				0	STL
CAME UNACK High	2024.07.01 11:41:15.948	TNC-E-PSD-004	State Library Platform 2 Zone 1 PSD 04	PSD Unscheduled Door Opening!				0	STL
CAME UNACK High	2024.07.01 11:26:13.947	TNC-W-PSD-029	State Library Platform 1 Zone 3 PSD 29	PSD Unscheduled Door Opening!				0	STL
CAME UNACK High	2024.07.01 11:23:43.948	TNC-W-PSD-028	State Library Platform 1 Zone 3 PSD 28	PSD Unscheduled Door Opening!				0	STL
CAME UNACK High	2024.07.01 11:20:03.954	TNC-W-PSD-027	State Library Platform 1 Zone 3 PSD 27	PSD Unscheduled Door Opening!				0	STL
CAME UNACK High	2024.07.01 11:17:19.953	TNC-W-PSD-026	State Library Platform 1 Zone 3 PSD 26	PSD Unscheduled Door Opening!				0	STL
CAME UNACK High	2024.07.01 11:15:09.952	TNC-W-PSD-025	State Library Platform 1 Zone 3 PSD 25	PSD Unscheduled Door Opening!				0	STL
CAME UNACK High	2024.07.01 11:12:09.949	TNC-W-PSD-019	State Library Platform 1 Zone 2 PSD 19	PSD Unscheduled Door Opening!				0	STL
CAME UNACK High	2024.07.01 11:10:13.948	TNC-W-PSD-018	State Library Platform 1 Zone 2 PSD 18	PSD Unscheduled Door Opening!				0	STL
CAME UNACK High	2024.07.01 11:07:38.921	DMA-E-PSD-028	Anzac Platform 2 Zone 3 PSD 28	PSD Unscheduled Door Opening!				0	AZC
CAME UNACK High	2024.07.01 11:06:45.950	TNC-W-PSD-017	State Library Platform 1 Zone 2 PSD 17	PSD Unscheduled Door Opening!				0	STL
CAME UNACK High	2024.07.01 11:04:41.949	TNC-W-PSD-016	State Library Platform 1 Zone 2 PSD 16	PSD Unscheduled Door Opening!				0	STL
CAME UNACK High	2024.07.01 11:02:11.948	TNC-W-PSD-015	State Library Platform 1 Zone 2 PSD 15	PSD Unscheduled Door Opening!				0	STL
CAME UNACK High	2024.07.01 10:54:41.970	TNC-E-EED-011	State Library Platform 2 Zone 1 EED 11	EED Unscheduled Door Opening!				0	STL
CAME UNACK High	2024.07.01 10:49:25.952	TNC-W-PSD-004	State Library Platform 1 Zone 1 PSD 04	PSD Unscheduled Door Opening!				0	STL
CAME UNACK High	2024.07.01 10:31:45.950	TNC-W-PSD-008	State Library Platform 1 Zone 1 PSD 08	PSD Unscheduled Door Opening!				0	STL
CAME UNACK High	2024.07.01 10:28:05.980	TNC-W-EED-004	State Library Platform 1 Zone 1 EED 04	EED Unscheduled Door Opening!				0	STL
CAME UNACK High	2024.07.01 10:27:52.077	TNC-W-EED-005	State Library Platform 1 Zone 1 EED 05	EED Unscheduled Door Opening!				0	STL
CAME UNACK High	2024.07.01 10:21:37.963	TNC-W-PSD-007	State Library Platform 1 Zone 1 PSD 07	PSD Unscheduled Door Opening!				0	STL
CAME UNACK High	2024.07.01 10:03:34.982	DMA-W-PSD-003	Anzac Platform 1 Zone 1 PSD 03	PSD Unscheduled Door Opening!				0	AZC
CAME UNACK High	2024.07.01 10:03:28.186	TSC-W-PSD-023	Town Hall Platform 1 Zone 3 PSD 23	PSD Unscheduled Door Opening!				0	THL
CAME UNACK High	2024.07.01 10:03:27.263	TSC-E-PSD-019	Town Hall Platform 2 Zone 2 PSD 19	PSD Unscheduled Door Opening!				0	THL
CAME UNACK High	2024.07.01 10:03:14.765	TNC-W-PSD-009	State Library Platform 1 Zone 1 PSD 09	PSD Unscheduled Door Opening!				0	STL
CAME UNACK High	2024.07.01 10:03:14.725	TNC-E-PSD-025	State Library Platform 2 Zone 3 PSD 25	PSD Unscheduled Door Opening!				0	STL
CAME UNACK High	2024.07.01 09:52:04.815	SDU_STP_0401_02_DS	Stormwater Pump - Duty Selection	Risk of track flooding!				0	SDU
CAME UNACK High	2024.07.01 09:22:42.175	TNC-W-PSD-006	State Library Platform 1 Zone 1 PSD 06	PSD Unscheduled Door Opening!				0	STL
CAME UNACK High	2024.07.01 09:21:33.505	SYP-ZONE-0004	Westbound Detection Zone 2	TIAS activated! 				0	SDU
CAME UNACK High	2024.07.01 09:21:33.443	SYP-ZONE-0003	Westbound Detection Zone 1	TIAS activated! 				0	SDU
CAME UNACK High	2024.07.01 09:21:33.382	SYP-ZONE-0002	Eastbound Detection Zone 2	TIAS activated! 				0	SDU
CAME UNACK High	2024.07.01 09:21:33.328	SYP-ZONE-0001	Eastbound Detection Zone 1	TIAS activated! 				0	SDU
CAME UNACK High	2024.07.01 09:21:33.262	SKP-ZONE-0004	Westbound Detection Zone 2	TIAS activated! 				0	SDU
CAME UNACK High	2024.07.01 09:21:33.199	SKP-ZONE-0003	Westbound Detection Zone 1	TIAS activated! 				0	SDU
CAME UNACK High	2024.07.01 09:21:33.130	SKP-ZONE-0002	Eastbound Detection Zone 2	TIAS activated! 				0	SDU
CAME UNACK High	2024.07.01 09:21:33.076	SKP-ZONE-0001	Eastbound Detection Zone 1	TIAS activated! 				0	SDU
CAME UNACK High	2024.07.01 09:20:03.295	TSC-W-PED-002	Town Hall Platform 1 PED 02	Platform End Door Unscheduled Door Opening!				0	THL
CAME UNACK High	2024.07.01 09:20:03.279	TSC-E-PED-002	Town Hall Platform 2 PED 02	Platform End Door Unscheduled Door Opening!				0	THL
CAME UNACK High	2024.07.01 09:19:33.096	TNC-W-PED-002	State Library Platform 1 PED 02	Platform End Door Unscheduled Door Opening!				0	STL
CAME UNACK High	2024.07.01 09:19:33.082	TNC-E-PED-002	State Library Platform 2 PED 02	Platform End Door Unscheduled Door Opening!				0	STL
CAME UNACK High	2024.07.01 09:19:25.388	DMA-W-PED-002	Anzac Platform 1 PED 02	Platform End Door Unscheduled Door Opening!				0	AZC
CAME UNACK High	2024.07.01 09:19:25.373	DMA-E-PED-002	Anzac Platform 2 PED 02	Platform End Door Unscheduled Door Opening!				0	AZC
CAME UNACK High	2024.07.01 09:18:42.231	TNC-W-PSD-005	State Library Platform 1 Zone 1 PSD 05	PSD Unscheduled Door Opening!				0	STL
CAME UNACK High	2024.07.01 09:17:34.607	TNC-W-EED-028	State Library Platform 1 Zone 3 EED 28	EED Unscheduled Door Opening!				0	STL
CAME UNACK High	2024.07.01 09:17:34.479	TNC-W-EED-024	State Library Platform 1 Zone 3 EED 24	EED Unscheduled Door Opening!				0	STL
CAME UNACK High	2024.07.01 09:17:33.934	TNC-W-DDX-001	State Library Platform 1 Zone 2 DD 01	Driver Door Unscheduled Door Opening!				0	STL
CAME UNACK High	2024.07.01 09:17:16.380	TNC-W-EED-037	State Library Platform 1 Zone 3 EED 37	EED Unscheduled Door Opening!				0	STL
CAME UNACK High	2024.07.01 09:17:16.084	TNC-W-EED-027	State Library Platform 1 Zone 3 EED 27	EED Unscheduled Door Opening!				0	STL
CAME UNACK High	2024.07.01 09:17:14.924	TSC-W-PED-001	Town Hall Platform 1 PED 01	Platform End Door Unscheduled Door Opening!				0	THL
CAME UNACK High	2024.07.01 09:17:14.903	TSC-E-PED-001	Town Hall Platform 2 PED 01	Platform End Door Unscheduled Door Opening!				0	THL
CAME UNACK High	2024.07.01 09:17:13.117	TNC-W-PED-001	State Library Platform 1 PED 01	Platform End Door Unscheduled Door Opening!				0	STL
CAME UNACK High	2024.07.01 09:17:13.101	TNC-E-PED-001	State Library Platform 2 PED 01	Platform End Door Unscheduled Door Opening!				0	STL
CAME UNACK High	2024.07.01 09:17:11.076	DMA-W-PED-001	Anzac Platform 1 PED 01	Platform End Door Unscheduled Door Opening!				0	AZC
CAME UNACK High	2024.07.01 09:17:11.062	DMA-E-PED-001	Anzac Platform 2 PED 01	Platform End Door Unscheduled Door Opening!				0	AZC
CAME UNACK High	2024.07.01 09:17:01.352	TNC-W-EED-036	State Library Platform 1 Zone 3 EED 36	EED Unscheduled Door Opening!				0	STL
CAME UNACK High	2024.07.01 09:17:01.055	TNC-W-EED-026	State Library Platform 1 Zone 3 EED 26	EED Unscheduled Door Opening!				0	STL
CAME UNACK High	2024.07.01 09:16:44.713	TNC-W-PSD-030	State Library Platform 1 Zone 3 PSD 30	PSD Unscheduled Door Opening!				0	STL
CAME UNACK High	2024.07.01 09:16:39.972	TNC-W-PSD-021	State Library Platform 1 Zone 2 PSD 21	PSD Unscheduled Door Opening!				0	STL
CAME UNACK High	2024.07.01 09:16:34.010	TNC-W-PSD-010	State Library Platform 1 Zone 2 PSD 10	PSD Unscheduled Door Opening!				0	STL
CAME UNACK High	2024.07.01 09:16:28.866	TNC-W-PSD-001	State Library Platform 1 Zone 1 PSD 01	PSD Unscheduled Door Opening!				0	STL
CAME UNACK High	2024.07.01 09:16:27.761	TNC-E-PSD-029	State Library Platform 2 Zone 3 PSD 29	PSD Unscheduled Door Opening!				0	STL
CAME UNACK High	2024.07.01 09:16:23.400	TNC-E-PSD-021	State Library Platform 2 Zone 2 PSD 21	PSD Unscheduled Door Opening!				0	STL
CAME UNACK High	2024.07.01 09:16:22.815	TNC-E-PSD-020	State Library Platform 2 Zone 2 PSD 20	PSD Unscheduled Door Opening!				0	STL
CAME UNACK High	2024.07.01 09:16:18.051	TNC-E-PSD-011	State Library Platform 2 Zone 2 PSD 11	PSD Unscheduled Door Opening!				0	STL
CAME UNACK High	2024.07.01 09:16:12.787	TNC-E-PSD-001	State Library Platform 2 Zone 1 PSD 01	PSD Unscheduled Door Opening!				0	STL
CAME UNACK High	2024.07.01 09:15:58.473	PKV_TFN_0201_03_DS	Tunnel Ventilation Fan 01 - East End - Duty Selection	All fans inoperative!				0	PKV
CAME UNACK High	2024.07.01 09:15:58.010	PKV_TFN_0101_03_DS	Tunnel Ventilation Fan 01 - West End - Duty Selection	All fans inoperative!				0	PKV
CAME UNACK High	2024.07.01 09:15:57.545	PKV_OFN_0001_03_DS	Over Track Exhaust Fan 01 - Duty Selection	All fans inoperative!				0	PKV
CAME UNACK High	2024.07.01 09:15:55.631	DMA_TFN_0201_03_DS	Tunnel Ventilation Fan - East End - Duty Selection	All fans inoperative!				0	AZC
CAME UNACK High	2024.07.01 09:15:55.052	DMA_TFN_0101_03_DS	Tunnel Ventilation Fan 01 - West End - Duty Selection	All fans inoperative!				0	AZC
CAME UNACK High	2024.07.01 09:15:54.477	DMA_OFN_0201_02_DS	Over Track Exhaust Fan - East End - Duty Selection	All fans inoperative!				0	AZC
CAME UNACK High	2024.07.01 09:15:36.667	TNC-W-EED-025	State Library Platform 1 Zone 3 EED 25	EED Unscheduled Door Opening!				0	STL
CAME UNACK High	2024.07.01 09:15:36.519	TNC-W-EED-020	State Library Platform 1 Zone 2 EED 20	EED Unscheduled Door Opening!				0	STL
CAME UNACK Med	2024.07.09 04:16:08.403	DMA-S-STN	Anzac Station PSD System	PSD lost connection to signalling system!				0	AZC
CAME UNACK Med	2024.07.08 12:00:33.478	DMA_ModeSts	TVCS Mode Status - Domain Station S10	Over Track Exhaust Unavailable				0	SDU
CAME UNACK Med	2024.07.07 00:25:31.383	AEN_ModeSts	TVCS Section 02 Arden Station mode status	Station Ventilation (OTE) Unavailable				0	SDU
CAME UNACK Med	2024.07.07 00:25:14.386	AEN_ModeSts	TVCS Section 02 Arden Station mode status	Tunnel Section Ventilation (TVS) Unavailable				0	SDU
CAME UNACK Med	2024.07.05 22:41:50.597	TNC-E-PSD-013	State Library Platform 2 Zone 2 PSD 13	Door control unit communication lost				0	STL
CAME UNACK Med	2024.07.05 22:41:50.595	TNC-E-PSD-007	State Library Platform 2 Zone 1 PSD 07	Door control unit communication lost				0	STL
CAME UNACK Med	2024.07.05 22:41:50.594	TNC-E-PSD-004	State Library Platform 2 Zone 1 PSD 04	Door control unit communication lost				0	STL
CAME UNACK Med	2024.07.04 12:21:48.402	TSC-W-PSD-007	Town Hall Platform 1 Zone 1 PSD 07	Door control unit communication lost				0	THL
CAME UNACK Med	2024.07.03 11:16:56.787	SKP-PLC-0001	South Kensington PLC	TIAS PLC power supply fault				0	SDU
CAME UNACK Med	2024.07.03 10:58:18.780	SKP-PLC-0001	South Kensington PLC	PLC system fault				0	SDU
CAME UNACK Med	2024.07.01 10:03:34.786	EPZ-FIP-0001	Eastern Portal Main Fire Panel	No modbus server/gateway connection				0	SDU
CAME UNACK Med	2024.07.01 10:03:27.140	TSC-FIP-0001	Town Hall Station FDCIE Panel	No modbus server/gateway connection				0	THL
CAME UNACK Med	2024.07.01 10:03:14.603	TNC-FIP-0001	State Library Station FDCIE Panel	No modbus server/gateway connection				0	STL
CAME UNACK Med	2024.07.01 10:03:05.625	WPZ-FIP-0001	Western Portal Main Fire Panel	No modbus server/gateway connection				0	SDU
CAME UNACK Med	2024.07.01 09:17:20.334	AEN_TSCComm	CBD South TVCS PLC	HCS/ATS communication fault				0	ARN
CAME UNACK Med	2024.07.01 09:17:20.323	AEN_TNCComm	CBS North TVCS PLC	HCS/ATS communication fault				0	ARN
CAME UNACK Med	2024.07.01 09:17:20.284	AEN_ATSComm	RSG Modbus	HCS/ATS communication fault				0	ARN
CAME UNACK Med	2024.07.01 09:17:11.867	DMA_ModeSts	TVCS Mode Status - Domain Station S10	Tunnel section ventilation unavailable				0	SDU
CAME UNACK Med	2024.07.01 09:15:39.683	TSC-S-STN	Town Hall Station PSD System	PSD lost connection to signalling system!				0	THL
CAME UNACK Low	2024.07.09 10:03:51.971	PKV_DOR_B2_151-10_1	Security Door (B2 EAST)	Unauthorised access				0	PKV
CAME UNACK Low	2024.07.09 08:45:27.476	PKV_ESC_0007	Escalator 7 Bank 4 (Concourse to Ground Floor)	Escalator communications lost				0	PKV
CAME UNACK Low	2024.07.09 08:45:27.476	PKV_ESC_0009	Escalator 9 Bank 4 (Concourse to Ground Floor)	Escalator communications lost				0	PKV
CAME UNACK Low	2024.07.09 08:45:27.476	PKV_LFT_0001	Lift 1 FOH (Platforms to Concourse)	Lift monitoring lost 				0	PKV
CAME UNACK Low	2024.07.09 08:45:27.472	PKV_ESC_0001	Escalator 1 Bank 1 (Platforms to Concourse)	Escalator communications lost				0	PKV
CAME UNACK Low	2024.07.09 08:45:27.472	PKV_ESC_0002	Escalator 2 Bank 1 (Platforms to Concourse)	Escalator communications lost				0	PKV
CAME UNACK Low	2024.07.09 08:45:27.472	PKV_ESC_0003	Escalator 3 Bank 2 (Platforms to Concourse)	Escalator communications lost				0	PKV
CAME UNACK Low	2024.07.09 08:45:27.472	PKV_ESC_0004	Escalator 4 Bank 2 (Platforms to Concourse)	Escalator communications lost				0	PKV
CAME UNACK Low	2024.07.09 08:45:27.472	PKV_ESC_0008	Escalator 8 Bank 4 (Concourse to Ground Floor)	Escalator communications lost				0	PKV
CAME UNACK Low	2024.07.09 08:45:27.472	PKV_ESC_0014	Escalator 14 Bank 7 (Concourse to Ground Floor)	Escalator communications lost				0	PKV
CAME UNACK Low	2024.07.09 08:45:27.472	PKV_ESC_0015	Escalator 15 Bank 7 (Concourse to Ground Floor)	Escalator communications lost				0	PKV
CAME UNACK Low	2024.07.09 08:45:27.472	PKV_ESC_0016	Escalator 16 Bank 7 (Concourse to Ground Floor)	Escalator communications lost				0	PKV
CAME UNACK Low	2024.07.09 08:45:27.462	PKV_ESC_0005	Escalator 5 Bank 3 (Platforms to Concourse)	Escalator communications lost				0	PKV
CAME UNACK Low	2024.07.09 08:45:27.462	PKV_ESC_0006	Escalator 6 Bank 3 (Platforms to Concourse)	Escalator communications lost				0	PKV
CAME UNACK Low	2024.07.09 07:51:31.471	PKV_LFT_0005	Lift 5 FOH (Concourse to Ground Floor)	Lift safety feature fault				0	PKV
CAME UNACK Low	2024.07.09 06:55:07.800	PKV_DOR_B3_PKV-S-03_3	Security Door (B3 WEST)	Unauthorised access				0	PKV
CAME UNACK Low	2024.07.09 04:54:14.505	_ReduManager	Distributed Server 1	Server 1 - Set active automatically				0	ARN
CAME UNACK Low	2024.07.09 04:16:08.809	DMA-SPE-0183	B1, DMA-SPE-0183 OTE EXH.FAN EAST 831-2	Heat or smoke detector fault				0	AZC
CAME UNACK Low	2024.07.09 04:16:08.809	DMA-SPE-0184	B1, DMA-SPE-0184 OTE EXH.FAN EAST 831-2	Heat or smoke detector fault				0	AZC
CAME UNACK Low	2024.07.06 12:40:27.057	PKV_DOR_B3_151-18_1	Security Door (B3 WEST)	Unauthorised access				0	PKV
CAME UNACK Low	2024.07.05 12:22:24.024	DMA_LFT_0006	Lift 6 FOH (B1 Basement to GF Gound Floor)	Lift monitoring lost 				0	AZC
CAME UNACK Low	2024.07.05 11:53:56.037	DMA_LFT_0003	Lift 3 FOH (B1 Basement to GF Gound Floor)	Lift monitoring lost 				0	AZC
CAME UNACK Low	2024.07.05 11:16:34.870	PDM_LFT_0001	Lift 1 BOH (B2 Basement to Ground Floor)	Lift General Fault				0	SDU
CAME UNACK Low	2024.07.05 10:37:48.088	DMA_LFT_0003	Lift 3 FOH (B1 Basement to GF Gound Floor)	Lift General Fault				0	AZC
CAME UNACK Low	2024.07.05 09:54:14.093	DMA_LFT_0009	Lift 9 BOH (B2 Basement to B1 Basement)	Lift General Fault				0	AZC
CAME UNACK Low	2024.07.05 08:33:05.594	PDM_DOR_E_1	PDM East Tunnel Door 1	Unauthorised access				0	SDU
CAME UNACK Low	2024.07.05 06:02:28.043	DMA_LFT_0001	Lift 1 FOH (B2 Basement to B1 Basement)	Lift General Fault				0	AZC
CAME UNACK Low	2024.07.05 06:02:28.043	DMA_LFT_0001	Lift 1 FOH (B2 Basement to B1 Basement)	Lift safety feature fault				0	AZC
CAME UNACK Low	2024.07.04 15:27:51.965	PKV_LFT_0005	Lift 5 FOH (Concourse to Ground Floor)	Lift General Fault				0	PKV
CAME UNACK Low	2024.07.04 15:13:58.961	PKV_LFT_0006	Lift 6 FOH (Concourse to Ground Floor)	Lift safety feature fault				0	PKV
CAME UNACK Low	2024.07.04 14:46:52.992	PKV_LFT_0002	Lift 2 FOH (Platforms to Concourse)	Lift General Fault				0	PKV
CAME UNACK Low	2024.07.04 14:29:14.948	PKV_LFT_0003	Lift 3 FOH (Concourse to Ground Floor)	Lift safety feature fault				0	PKV
CAME UNACK Low	2024.07.04 13:56:41.956	PKV_LFT_0011	Lift 11 BOH (B1 Basement to Ground Floor)	Lift safety feature fault				0	PKV
CAME UNACK Low	2024.07.04 13:56:25.955	PKV_LFT_0011	Lift 11 BOH (B1 Basement to Ground Floor)	Lift General Fault				0	PKV
CAME UNACK Low	2024.07.04 13:41:11.964	PKV_LFT_0001	Lift 1 FOH (Platforms to Concourse)	Lift General Fault				0	PKV
CAME UNACK Low	2024.07.04 12:29:21.971	PKV_LFT_0009	Lift 9 BOH (B3 Basement to Ground Floor)	Lift safety feature fault				0	PKV
CAME UNACK Low	2024.07.04 11:48:50.728	PKV_DOR_B4_PKV-S-01_2	Security Door (B4 WEST)	Unauthorised access				0	PKV
CAME UNACK Low	2024.07.04 11:22:53.145	PKV_DOR_B2_405-5_1	Security Door (B2 WEST)	Unauthorised access				0	PKV
CAME UNACK Low	2024.07.04 08:50:34.741	PKV_DOR_B2_PKV-S-02_1	Security Door (B2 EAST)	Unauthorised access				0	PKV
CAME UNACK Low	2024.07.04 08:27:34.828	PKV_ESC_0001	Escalator 1 Bank 1 (Platforms to Concourse)	Escalator fire response isolated				0	PKV
CAME UNACK Low	2024.07.04 08:27:34.828	PKV_ESC_0002	Escalator 2 Bank 1 (Platforms to Concourse)	Escalator fire response isolated				0	PKV
CAME UNACK Low	2024.07.04 08:27:34.828	PKV_ESC_0003	Escalator 3 Bank 2 (Platforms to Concourse)	Escalator fire response isolated				0	PKV
CAME UNACK Low	2024.07.04 08:27:34.828	PKV_ESC_0004	Escalator 4 Bank 2 (Platforms to Concourse)	Escalator fire response isolated				0	PKV
CAME UNACK Low	2024.07.04 08:27:34.828	PKV_ESC_0005	Escalator 5 Bank 3 (Platforms to Concourse)	Escalator fire response isolated				0	PKV
CAME UNACK Low	2024.07.04 08:27:34.828	PKV_ESC_0006	Escalator 6 Bank 3 (Platforms to Concourse)	Escalator fire response isolated				0	PKV
CAME UNACK Low	2024.07.04 08:27:34.828	PKV_ESC_0007	Escalator 7 Bank 4 (Concourse to Ground Floor)	Escalator fire response isolated				0	PKV
CAME UNACK Low	2024.07.04 08:27:31.821	PKV_ESC_0008	Escalator 8 Bank 4 (Concourse to Ground Floor)	Escalator fire response isolated				0	PKV
CAME UNACK Low	2024.07.04 08:27:31.821	PKV_ESC_0009	Escalator 9 Bank 4 (Concourse to Ground Floor)	Escalator fire response isolated				0	PKV
CAME UNACK Low	2024.07.04 08:27:31.821	PKV_ESC_0010	Escalator 10 Bank 5 (Concourse to Ground Floor)	Escalator fire response isolated				0	PKV
CAME UNACK Low	2024.07.04 08:27:31.821	PKV_ESC_0011	Escalator 11 Bank 5 (Concourse to Ground Floor)	Escalator fire response isolated				0	PKV
CAME UNACK Low	2024.07.04 08:27:31.821	PKV_ESC_0012	Escalator 12 Bank 6 (Concourse to Ground Floor)	Escalator fire response isolated				0	PKV
CAME UNACK Low	2024.07.04 08:27:31.821	PKV_ESC_0013	Escalator 13 Bank 6 (Concourse to Ground Floor)	Escalator fire response isolated				0	PKV
CAME UNACK Low	2024.07.04 08:27:31.821	PKV_ESC_0014	Escalator 14 Bank 7 (Concourse to Ground Floor)	Escalator fire response isolated				0	PKV
CAME UNACK Low	2024.07.04 08:27:31.821	PKV_ESC_0015	Escalator 15 Bank 7 (Concourse to Ground Floor)	Escalator fire response isolated				0	PKV
CAME UNACK Low	2024.07.04 08:27:31.821	PKV_ESC_0016	Escalator 16 Bank 7 (Concourse to Ground Floor)	Escalator fire response isolated				0	PKV
CAME UNACK Low	2024.07.03 12:39:13.000	DMA_LFT_0005	Lift 5 FOH (B1 Basement to GF Gound Floor)	Lift monitoring lost 				0	AZC
CAME UNACK Low	2024.07.03 11:16:56.787	SKP-PSU-1027	PLC 24V Power supply 2 alarm	PLC Power Supply fault				0	SDU
CAME UNACK Low	2024.07.03 10:58:18.780	SKP-PSU-1026	PLC 24V Power supply 1 alarm	PLC Power Supply fault				0	SDU
CAME UNACK Low	2024.07.03 07:40:18.874	PKV_DOR_B4_PKV-S-02_4	Security Door (B4 EAST)	Unauthorised access				0	PKV
CAME UNACK Low	2024.07.01 12:28:05.955	TNC-E-PSD-027	State Library Platform 2 Zone 3 PSD 27	PSD isolated				0	STL
CAME UNACK Low	2024.07.01 12:19:57.952	TNC-E-PSD-025	State Library Platform 2 Zone 3 PSD 25	PSD isolated				0	STL
CAME UNACK Low	2024.07.01 11:54:55.952	TNC-E-PSD-016	State Library Platform 2 Zone 2 PSD 16	PSD isolated				0	STL
CAME UNACK Low	2024.07.01 11:07:38.428	DMA-E-PSD-028	Anzac Platform 2 Zone 3 PSD 28	PSD isolated				0	AZC
CAME UNACK Low	2024.07.01 11:07:38.412	DMA-W-PSD-003	Anzac Platform 1 Zone 1 PSD 03	PSD isolated				0	AZC
CAME UNACK Low	2024.07.01 09:21:31.655	S_97_2_14803	Traction Section Anzac Station section B	Section Traction Power status Unknown				0	SDU
CAME UNACK Low	2024.07.01 09:21:31.631	S_96_2_14801	Traction Section Anzac Station	Section Traction Power status Unknown				0	SDU
CAME UNACK Low	2024.07.01 09:21:31.581	S_95_2_14754	Traction Section State Library to Town hall section B	Section Traction Power status Unknown				0	SDU
CAME UNACK Low	2024.07.01 09:21:31.541	S_94_2_14751	Traction Section State Library to Town Hall	Section Traction Power status Unknown				0	SDU
CAME UNACK Low	2024.07.01 09:21:31.516	S_93_2_14703	Traction Section Parkville to State Library section B	Section Traction Power status Unknown				0	SDU
CAME UNACK Low	2024.07.01 09:21:31.490	S_92_2_14701	Traction Section Parkville to State Library	Section Traction Power status Unknown				0	SDU
CAME UNACK Low	2024.07.01 09:21:24.940	PKV_DOR_B4_PKV-S-01_4	West Emergency Stairs - Platform	Unauthorised access				0	PKV
CAME UNACK Low	2024.07.01 09:19:18.288	DMA_LFT_0007	Lift 7 BOH (B1 Basement to GF Gound Floor)	Lift safety feature fault				0	AZC
CAME UNACK Low	2024.07.01 09:19:18.196	DMA_LFT_0007	Lift 7 BOH (B1 Basement to GF Gound Floor)	Lift General Fault				0	AZC
CAME UNACK Low	2024.07.01 09:19:18.049	DMA_LFT_0006	Lift 6 FOH (B1 Basement to GF Gound Floor)	Lift safety feature fault				0	AZC
CAME UNACK Low	2024.07.01 09:19:17.957	DMA_LFT_0006	Lift 6 FOH (B1 Basement to GF Gound Floor)	Lift General Fault				0	AZC
CAME UNACK Low	2024.07.01 09:19:17.811	DMA_LFT_0005	Lift 5 FOH (B1 Basement to GF Gound Floor)	Lift safety feature fault				0	AZC
CAME UNACK Low	2024.07.01 09:19:17.720	DMA_LFT_0005	Lift 5 FOH (B1 Basement to GF Gound Floor)	Lift General Fault				0	AZC
CAME UNACK Low	2024.07.01 09:19:17.574	DMA_LFT_0004	Lift 4 FOH (B1 Basement to GF Gound Floor)	Lift safety feature fault				0	AZC
CAME UNACK Low	2024.07.01 09:19:17.483	DMA_LFT_0004	Lift 4 FOH (B1 Basement to GF Gound Floor)	Lift General Fault				0	AZC
CAME UNACK Low	2024.07.01 09:19:08.583	PKV_LFT_0009	Lift 9 BOH (B3 Basement to Ground Floor)	Lift General Fault				0	PKV
CAME UNACK Low	2024.07.01 09:19:08.148	PKV_LFT_0007	Lift 7 FOH (Concourse to Ground Floor)	Lift General Fault				0	PKV
CAME UNACK Low	2024.07.01 09:19:07.911	PKV_LFT_0006	Lift 6 FOH (Concourse to Ground Floor)	Lift General Fault				0	PKV
CAME UNACK Low	2024.07.01 09:16:53.278	DMA_TEXA	Tunnel Ambient Temperature Control	Temperature Sensors A - Discrepancy 				0	AZC
CAME UNACK Low	2024.07.01 09:16:33.114	TNC-W-PSD-009	State Library Platform 1 Zone 1 PSD 09	PSD isolated				0	STL
CAME UNACK Low	2024.07.01 09:16:13.115	TNC-E-PSD-002	State Library Platform 2 Zone 1 PSD 02	PSD isolated				0	STL
WENT UNACK Low	2024.07.09 10:09:50.028	PKV_DOR_B1_PKV-S-02_1	Security Door (B1 EAST)	Unauthorised access			2024.07.09 10:09:55.349	0	PKV
ACK High	2024.07.03 12:58:12.037	AEN-W-PSD-023	Arden Platform 1 Zone 3 PSD 23	PSD Unscheduled Door Opening!	2024.07.03 12:58:50.384	kasturi_jathar		0	ARN
ACK High	2024.07.03 07:30:34.041	AEN-E-PED-002	Arden Platform 2 PED 02	Platform End Door Unscheduled Door Opening!	2024.07.03 09:35:33.890	kasturi_jathar		0	ARN
ACK High	2024.07.03 07:23:06.038	AEN-W-PSD-014	Arden Platform 1 Zone 2 PSD 14	PSD Unscheduled Door Opening!	2024.07.03 09:35:35.768	kasturi_jathar		0	ARN
ACK High	2024.07.02 15:58:26.042	AEN-E-PED-001	Arden Platform 2 PED 01	Platform End Door Unscheduled Door Opening!	2024.07.03 09:35:38.079	kasturi_jathar		0	ARN
ACK High	2024.07.02 13:38:24.045	AEN-E-PSD-007	Arden Platform 2 Zone 1 PSD 07	PSD Unscheduled Door Opening!	2024.07.02 13:38:34.384	leanne_schwabe		0	ARN
ACK High	2024.07.02 12:33:32.038	AEN-E-PSD-002	Arden Platform 2 Zone 1 PSD 02	PSD Unscheduled Door Opening!	2024.07.02 12:50:17.513	leanne_schwabe		0	ARN
ACK High	2024.07.01 15:56:46.062	AEN-E-PSD-022	Arden Platform 2 Zone 3 PSD 22	PSD Unscheduled Door Opening!	2024.07.01 15:56:52.438	kasturi_jathar		0	ARN
ACK High	2024.07.01 10:03:05.753	AEN-W-PSD-008	Arden Platform 1 Zone 1 PSD 08	PSD Unscheduled Door Opening!	2024.07.01 10:03:16.664	kasturi_jathar		0	ARN
ACK High	2024.07.01 09:18:48.149	AEN-W-PED-002	Arden Platform 1 PED 02	Platform End Door Unscheduled Door Opening!	2024.07.01 09:54:30.500	kasturi_jathar		0	ARN
ACK High	2024.07.01 09:17:00.497	AEN-W-PED-001	Arden Platform 1 PED 01	Platform End Door Unscheduled Door Opening!	2024.07.01 09:18:24.347	kasturi_jathar		0	ARN
ACK High	2024.07.01 09:16:32.455	AEN-W-PSD-029	Arden Platform 1 Zone 3 PSD 29	PSD Unscheduled Door Opening!	2024.07.01 09:18:48.753	kasturi_jathar		0	ARN
ACK High	2024.07.01 09:16:32.003	AEN-W-PSD-028	Arden Platform 1 Zone 3 PSD 28	PSD Unscheduled Door Opening!	2024.07.01 09:18:42.617	kasturi_jathar		0	ARN
ACK High	2024.07.01 09:16:31.559	AEN-W-PSD-027	Arden Platform 1 Zone 3 PSD 27	PSD Unscheduled Door Opening!	2024.07.01 09:18:44.354	kasturi_jathar		0	ARN
ACK High	2024.07.01 09:16:31.110	AEN-W-PSD-026	Arden Platform 1 Zone 3 PSD 26	PSD Unscheduled Door Opening!	2024.07.01 09:18:45.899	kasturi_jathar		0	ARN
ACK High	2024.07.01 09:16:30.659	AEN-W-PSD-025	Arden Platform 1 Zone 3 PSD 25	PSD Unscheduled Door Opening!	2024.07.01 09:18:47.440	kasturi_jathar		0	ARN
ACK High	2024.07.01 09:16:30.213	AEN-W-PSD-024	Arden Platform 1 Zone 3 PSD 24	PSD Unscheduled Door Opening!	2024.07.01 09:18:18.626	kasturi_jathar		0	ARN
ACK High	2024.07.01 09:16:29.270	AEN-W-PSD-022	Arden Platform 1 Zone 3 PSD 22	PSD Unscheduled Door Opening!	2024.07.01 09:18:16.043	kasturi_jathar		0	ARN
ACK High	2024.05.20 08:23:30.503	_Driver2	MTTHL:_Driver2.	Driver overloaded	2024.05.20 15:17:54.449	eric_maddocks		0	AZC
ACK High	2024.05.10 08:49:20.968	_Driver2_2	MTTHL:_Driver2_2.	Driver overloaded	2024.05.20 15:17:59.449	eric_maddocks		0	AZC
ACK Med	2024.07.04 09:23:18.484	DMA-FIP-0001	Anzac Station FDCIE Panel	No modbus server/gateway connection	2024.07.05 07:22:10.649	emilio_ito		0	AZC
ACK Med	2024.07.01 10:19:33.015	_Conn_dist_1_2_to_dist_2_2	Distributed Server 2	Connection lost to Sunshine Server 2 - Link 1	2024.07.08 10:36:11.001	eric_maddocks		0	THL
ACK Med	2024.07.01 10:19:33.013	_Conn_dist_1_2_to_dist_2_2	Distributed Server 2	Connection lost to Sunshine Server 2 - Link 0	2024.07.08 10:36:11.001	eric_maddocks		0	THL
ACK Med	2024.07.01 10:19:33.010	_Conn_dist_1_1_to_dist_2_2	Distributed Server 1	Connection lost to Sunshine Server 2 - Link 1	2024.07.08 10:36:11.001	eric_maddocks		0	THL
ACK Med	2024.07.01 10:19:33.008	_Conn_dist_1_1_to_dist_2_2	Distributed Server 1	Connection lost to Sunshine Server 2 - Link 0	2024.07.08 10:36:11.001	eric_maddocks		0	THL
ACK Med	2024.07.01 10:19:33.006	_Conn_dist_1_2_to_dist_2_1	Distributed Server 2	Connection lost to Sunshine Server 1 - Link 1	2024.07.08 10:36:11.001	eric_maddocks		0	ARN
ACK Med	2024.07.01 10:19:33.003	_Conn_dist_1_2_to_dist_2_1	Distributed Server 2	Connection lost to Sunshine Server 1 - Link 0	2024.07.08 10:36:11.001	eric_maddocks		0	ARN
ACK Med	2024.07.01 10:19:33.001	_Conn_dist_1_1_to_dist_2_1	Distributed Server 1	Connection lost to Sunshine Server 1 - Link 1	2024.07.08 10:36:11.001	eric_maddocks		0	ARN
ACK Med	2024.07.01 10:19:32.999	_Conn_dist_1_1_to_dist_2_1	Distributed Server 1	Connection lost to Sunshine Server 1 - Link 0	2024.07.08 10:36:11.001	eric_maddocks		0	ARN
ACK Med	2024.07.01 10:19:32.948	_Conn_event_0_2_to_driver_1_2	Distributed Server 2	Connection lost	2024.07.08 10:36:11.001	eric_maddocks		0	THL
ACK Med	2024.07.01 10:19:32.922	_Conn_event_0_1_to_driver_1_1	Distributed Server 1	Connection lost	2024.07.08 10:36:11.001	eric_maddocks		0	ARN
ACK Med	2024.07.01 10:03:05.482	AEN-FIP-0001	Arden Main Fire Panel	No modbus server/gateway connection	2024.07.03 13:44:34.706	kasturi_jathar		0	ARN
ACK Med	2024.07.01 09:16:56.910	PKV_ModeSts	TVCS Section 04 Parkville Station mode status	Tunnel section ventilation unavailable	2024.07.04 09:19:50.005	kai_longley		0	SDU
ACK Med	2024.07.01 09:16:56.892	PKV_ModeSts	TVCS Section 04 Parkville Station mode status	Over Track Exhaust Unavailable	2024.07.04 09:19:50.005	kai_longley		0	SDU
ACK Med	2024.06.03 10:50:15.741	_Driver1_2	Anzac Server 2	PSS2 S7 Driver 1 overloaded (TVCS PLC)	2024.06.25 13:27:25.359	eric_maddocks		0	ARN
ACK Med	2024.06.03 10:49:53.704	_TSC-BMS-PLC_2	MTTHL:_TSC-BMS-PLC_2.	Communications Fault - Town Hall Server 2 to Town Hall BMS PLC	2024.07.08 10:36:22.046	eric_maddocks		0	AZC
ACK Med	2024.06.03 10:49:53.699	_TSC-FDS-S7PLUS_2	MTTHL:_TSC-FDS-S7PLUS_2.	Communications Fault - Town Hall Server 1 to Town Hall FDS PLC	2024.07.08 10:36:22.046	eric_maddocks		0	AZC
ACK Med	2024.06.03 10:49:53.694	_TSC-FDS-S7PLUS	MTTHL:_TSC-FDS-S7PLUS.	Communications Fault - Town Hall Server 1 to Town Hall FDS PLC	2024.07.08 10:36:22.046	eric_maddocks		0	THL
ACK Med	2024.06.03 10:49:52.198	_Mod_Plc_4_2	MTTHL:_Mod_Plc_4_2.	Communications Fault - Town Hall Server 2 to Town Hall EWIS	2024.07.08 10:36:22.046	eric_maddocks		0	AZC
ACK Med	2024.06.03 10:49:52.195	_Mod_Plc_3_2	MTTHL:_Mod_Plc_3_2.	Communications Fault - Town Hall Server 2 to Town Hall EWIS	2024.07.08 10:36:22.046	eric_maddocks		0	AZC
ACK Med	2024.06.03 10:49:52.192	_Mod_Plc_2_2	MTTHL:_Mod_Plc_2_2.	Communications Fault - Town Hall Server 2 to Town Hall FDS Gateway	2024.07.08 10:36:22.046	eric_maddocks		0	AZC
ACK Med	2024.06.03 10:49:38.107	_TNC-TVC-PLC_2	MTSTL:_TNC-TVC-PLC_2.	Communications Fault - State Library Server 2 to State Library TVCS PLC	2024.07.08 10:36:22.015	eric_maddocks		0	THL
ACK Med	2024.06.03 10:49:38.099	_TNC-TVC-PLC	MTSTL:_TNC-TVC-PLC.	Communications Fault - State Library Server 1 to State Library TVCS PLC	2024.07.08 10:36:22.015	eric_maddocks		0	STL
ACK Med	2024.06.03 10:49:36.241	_TNC-FDS-S7PLUS_2	MTSTL:_TNC-FDS-S7PLUS_2.	Communications Fault - State Library Server 2 to State Library FDS PLC	2024.07.08 10:36:22.015	eric_maddocks		0	THL
ACK Med	2024.06.03 10:49:36.239	_TNC-FDS-S7PLUS	MTSTL:_TNC-FDS-S7PLUS.	Communications Fault - State Library Server 1 to State Library FDS PLC	2024.07.08 10:36:22.015	eric_maddocks		0	STL
ACK Med	2024.06.03 10:49:36.238	_TNC-BMS-PLC3_2	MTSTL:_TNC-BMS-PLC3_2.	Communications Fault - State Library Server 2 to State Library BMS Gateway PLC	2024.07.08 10:36:22.015	eric_maddocks		0	THL
ACK Med	2024.06.03 10:49:36.236	_TNC-BMS-PLC3	MTSTL:_TNC-BMS-PLC3.	Communications Fault - State Library Server 1 to State Library BMS Gateway PLC	2024.07.08 10:36:22.015	eric_maddocks		0	STL
ACK Med	2024.06.03 10:49:36.234	_TNC-BMS-PLC_2	MTSTL:_TNC-BMS-PLC_2.	Communications Fault - State Library Server 2 to State Library BMS PLC	2024.07.08 10:36:22.015	eric_maddocks		0	THL
ACK Med	2024.06.03 10:49:36.232	_TNC-BMS-PLC	MTSTL:_TNC-BMS-PLC.	Communications Fault - State Library Server 1 to State Library BMS PLC	2024.07.08 10:36:22.015	eric_maddocks		0	STL
ACK Med	2024.06.03 10:49:34.970	_Mod_Plc_4_2	MTSTL:_Mod_Plc_4_2.	Communications Fault - State Library Server 2 to State Library EWIS	2024.07.08 10:36:22.015	eric_maddocks		0	THL
ACK Med	2024.06.03 10:49:34.968	_Mod_Plc_4	MTSTL:_Mod_Plc_4.	Communications Fault - State Library Server 1 to State Library EWIS	2024.07.08 10:36:22.015	eric_maddocks		0	STL
ACK Med	2024.06.03 10:49:34.967	_Mod_Plc_3_2	MTSTL:_Mod_Plc_3_2.	Communications Fault - State Library Server 2 to State Library EWIS	2024.07.08 10:36:22.015	eric_maddocks		0	THL
ACK Med	2024.06.03 10:49:34.964	_Mod_Plc_3	MTSTL:_Mod_Plc_3.	Communications Fault - State Library Server 1 to State Library EWIS	2024.07.08 10:36:22.015	eric_maddocks		0	STL
ACK Med	2024.06.03 10:49:34.962	_Mod_Plc_2_2	MTSTL:_Mod_Plc_2_2.	Communications Fault - State Library Server 2 to State Library FDS Gateway	2024.07.08 10:36:22.015	eric_maddocks		0	THL
ACK Med	2024.06.03 10:49:34.960	_Mod_Plc_2	MTSTL:_Mod_Plc_2.	Communications Fault - State Library Server 1 to State Library FDS Gateway	2024.07.08 10:36:22.015	eric_maddocks		0	THL
ACK Med	2024.06.03 10:48:16.689	_Driver1_2	MTARD:_Driver1_2.	PSS2 S7 Driver 1 overloaded (TVCS PLC)	2024.06.04 08:54:10.389	sergio_paniagua		0	PKV
ACK Low	2024.07.09 09:19:28.851	AEN_DOR_B1_ESC_STAIRS_03_2	Concourse west - back of house emergency stairs	Unauthorised access	2024.07.09 09:22:12.555	paul_moseley		0	ARN
ACK Low	2024.07.09 08:43:47.966	AEN_DOR_GF_405-2_1	Ground floor east - emergency escape ramp	Unauthorised access	2024.07.09 09:22:17.555	paul_moseley		0	ARN
ACK Low	2024.07.09 07:39:20.951	AEN_DOR_GF_151-12_1	Ground floor east - office stairs	Unauthorised access	2024.07.09 09:22:21.366	paul_moseley		0	ARN
ACK Low	2024.07.09 05:51:40.841	DMA-HTD-0112	B1, DMA-HTD-0112 OP MALE STAFF LCK 221-1	Heat or smoke detector fault	2024.07.09 06:45:59.649	emilio_ito		0	AZC
ACK Low	2024.07.09 04:16:08.960	DMA-FIP-0001	Anzac Station FDCIE Panel	Fire panels in the station have a fault	2024.07.09 06:45:55.649	emilio_ito		0	AZC
ACK Low	2024.07.08 10:56:27.201	AEN_LFT_0001	Lift 1 FOH (Platforms to Concourse)	Lift General Fault	2024.07.08 12:05:39.403	kasturi_jathar		0	ARN
ACK Low	2024.07.01 11:58:33.014	PKV_LFT_0004	Lift 4 FOH (Concourse to Ground Floor)	Lift safety feature fault	2024.07.03 10:06:49.827	emilio_ito		0	PKV
ACK Low	2024.07.01 11:58:13.013	PKV_LFT_0004	Lift 4 FOH (Concourse to Ground Floor)	Lift General Fault	2024.07.03 10:06:49.827	emilio_ito		0	PKV
ACK Low	2024.07.01 10:19:32.956	_Conn_event_0_2_to_dist_1_2	Distributed Server 2	Connection lost - Event to Distribution Manager - Link 1	2024.07.08 10:36:11.001	eric_maddocks		0	THL
ACK Low	2024.07.01 10:19:32.952	_Conn_event_0_1_to_dist_1_1	Distributed Server 1	Connection lost - Event to Distribution Manager - Link 1	2024.07.08 10:36:11.001	eric_maddocks		0	ARN
ACK Low	2024.07.01 10:19:32.942	_Conn_event_0_2_to_redu_1_2	Distributed Server 2	Connection lost - Event to Redundancy Manager - Link 1	2024.07.08 10:36:11.001	eric_maddocks		0	THL
ACK Low	2024.07.01 10:19:32.938	_Conn_event_0_1_to_redu_1_1	Distributed Server 1	Connection lost - Event to Redundancy Manager - Link 1	2024.07.08 10:36:11.001	eric_maddocks		0	ARN
ACK Low	2024.07.01 09:21:24.284	AEN_DOR_L2_ESC_STAIRS_5_2	Level 2 east - back of house stairs	Unauthorised access	2024.07.01 09:56:02.655	kasturi_jathar		0	ARN
ACK Low	2024.07.01 09:19:18.523	DMA_LFT_0008	Lift 8 BOH (B2 Basement to B1 Basement)	Lift safety feature fault	2024.07.09 06:46:27.699	emilio_ito		0	AZC
ACK Low	2024.07.01 09:19:18.432	DMA_LFT_0008	Lift 8 BOH (B2 Basement to B1 Basement)	Lift General Fault	2024.07.09 06:46:27.699	emilio_ito		0	AZC
ACK Low	2024.07.01 09:19:07.236	PKV_LFT_0003	Lift 3 FOH (Concourse to Ground Floor)	Lift General Fault	2024.07.03 10:08:55.884	emilio_ito		0	PKV
ACK Low	2024.07.01 09:19:05.146	PKV-FIP-0001	Parkville Station FDCIE Panel 	Fire panels in the station have a fault	2024.07.03 08:08:57.520	emilio_ito		0	PKV
ACK Low	2024.07.01 09:17:44.285	DMA_ESC_0006	Escalator 6 Bank 4 (B1 Basement to GF Gound Floor)	Escalator stopped.(brake mechanism fault)	2024.07.02 14:56:55.649	chris_lawson		0	AZC
ACK Low	2024.06.03 10:49:38.104	_TNC-TVC-PLC_2	MTSTL:_TNC-TVC-PLC_2.	Link Failure - State Library Server 2 to State Library TVCS CPU 2	2024.07.08 10:36:22.015	eric_maddocks		0	THL
ACK Low	2024.06.03 10:49:38.101	_TNC-TVC-PLC_2	MTSTL:_TNC-TVC-PLC_2.	Link Failure - State Library Server 2 to State Library TVCS CPU 1	2024.07.08 10:36:22.015	eric_maddocks		0	THL
ACK Low	2024.06.03 10:49:38.095	_TNC-TVC-PLC	MTSTL:_TNC-TVC-PLC.	Link Failure - State Library Server 1 to State Library TVCS CPU 2	2024.07.08 10:36:22.015	eric_maddocks		0	STL
ACK Low	2024.06.03 10:49:38.091	_TNC-TVC-PLC	MTSTL:_TNC-TVC-PLC.	Link Failure - State Library Server 1 to State Library TVCS CPU 1	2024.07.08 10:36:22.015	eric_maddocks		0	STL
